{"version":1,"platform":"MacIntel","files":{"mac_0_fc43d4.woff2":{"size":8012,"mtime":1757089686.8359613,"md5":"fc43d4628cce5d5289fe8ea92ea2688e"},"mac_10_14d269.woff2":{"size":11776,"mtime":1757089686.8399613,"md5":"14d269a2995e41ca5c28cca89afbd22e"},"mac_11_4ac600.woff2":{"size":11776,"mtime":1757089686.8431263,"md5":"4ac600b999fa6ce0dc8d5dfdfc29cfbd"},"mac_12_4e741e.woff2":{"size":11788,"mtime":1757089686.8490148,"md5":"4e741ec0b00f8ccab70a746173072ec5"},"mac_13_479e42.woff2":{"size":11800,"mtime":1757089686.8530397,"md5":"479e42c0ae3d221d7d8c2ff587932018"},"mac_14_092999.woff2":{"size":11776,"mtime":1757089686.8576186,"md5":"092999bd968cf38c2e71e93dbbc9a3e0"},"mac_15_029ea0.woff2":{"size":9760,"mtime":1757089686.8648615,"md5":"029ea043ec54051fad1d3c4de7961137"},"mac_18_242efe.woff2":{"size":6992,"mtime":1757089686.8683214,"md5":"242efe561769b9a4a16624665c1f9178"},"mac_1_79d5de.woff2":{"size":14100,"mtime":1757089686.8766692,"md5":"79d5de804e91d6d0cfef3207ac204f36"},"mac_20_3fd4a0.woff2":{"size":11772,"mtime":1757089686.8809836,"md5":"3fd4a077b53496d0aab8fcea6675e357"},"mac_21_446b0d.woff2":{"size":37696,"mtime":1757089686.885243,"md5":"446b0d1cd977ec0ee99f208285806fd6"},"mac_23_511cdc.woff2":{"size":20804,"mtime":1757089686.8897483,"md5":"511cdc58a09a0c0619c47979d5497e23"},"mac_25_59c162.woff2":{"size":11784,"mtime":1757089686.89497,"md5":"59c1629d9d96e81dec819354d8caf8a8"},"mac_26_60e884.woff2":{"size":14988,"mtime":1757089686.9009511,"md5":"60e884197bca0388531ab9a04023560b"},"mac_27_694bd7.woff2":{"size":14940,"mtime":1757089686.9047315,"md5":"694bd70d6e55d7ef7441b251b4c2c09b"},"mac_28_7555a5.woff2":{"size":11780,"mtime":1757089686.9073608,"md5":"7555a5b34c7d9524de9af2d8ddc209d4"},"mac_29_8e3f7b.woff2":{"size":14920,"mtime":1757089686.9140706,"md5":"8e3f7b10c80db8b066b8fccb663d11e8"},"mac_2_6f2e8b.woff2":{"size":8020,"mtime":1757089686.9169197,"md5":"6f2e8b731be98b49cce32bb39493f485"},"mac_30_8f6130.woff2":{"size":15528,"mtime":1757089686.9253252,"md5":"8f6130d3830e4c1796ff10eef74b5768"},"mac_32_91c204.woff2":{"size":37704,"mtime":1757089686.9273334,"md5":"91c2041f8a67ef1d2280b1a7371884be"},"mac_33_9353b6.woff2":{"size":14936,"mtime":1757089686.9339273,"md5":"9353b67a63ba2a0a2b7fb49503c46992"},"mac_34_94f037.woff2":{"size":2216,"mtime":1757089686.9379506,"md5":"94f0375b242eaa27ed34f587129172db"},"mac_36_ab5e99.woff2":{"size":32876,"mtime":1757089686.943748,"md5":"ab5e99a23d561066ab8d3cd7298dff25"},"mac_37_bceb0a.woff2":{"size":16892,"mtime":1757089686.9480221,"md5":"bceb0a0d999afb5af90d89d4f127e3f1"},"mac_38_d64a3b.woff2":{"size":14776,"mtime":1757089686.9480221,"md5":"d64a3bcb8bed3f2b731e67fbe3748a2e"},"mac_39_eb9ffa.woff2":{"size":2232,"mtime":1757089686.959613,"md5":"eb9ffa9f9a110a0f17baf902e9c7c81b"},"mac_3_385e06.woff2":{"size":11812,"mtime":1757089686.9627938,"md5":"385e0697e166b0cb7b677befa2b7703a"},"mac_40_ec9852.woff2":{"size":2232,"mtime":1757089686.9661088,"md5":"ec9852296002a9cdc74bc730b1d456df"},"mac_42_f10220.woff2":{"size":37668,"mtime":1757089686.970126,"md5":"f10220eae957165b41ae5f246f8ffada"},"mac_43_f3be76.woff2":{"size":16876,"mtime":1757089686.9745235,"md5":"f3be76ecf7f88048d99f86da2665627b"},"mac_44_f64252.woff2":{"size":16892,"mtime":1757089686.9789028,"md5":"f64252ee396ed2bebd5d3b8a8c8de547"},"mac_45_db9794.woff2":{"size":15560,"mtime":1757089686.9831731,"md5":"db9794d19e363932dc3fa122a32b38fb"},"mac_46_a926f7.woff2":{"size":16916,"mtime":1757089686.9874697,"md5":"a926f717e9598ebb7c4084d7a96e6e2e"},"mac_47_4f2a23.woff2":{"size":15616,"mtime":1757089686.9936886,"md5":"4f2a23baa4c5514650ffd0cea258ce5b"},"mac_48_065044.woff2":{"size":6900,"mtime":1757089686.9990084,"md5":"065044287a873511854645b8fa546e2c"},"mac_4_44d304.woff2":{"size":15568,"mtime":1757089687.0010173,"md5":"44d30410fa17599ac8ff470ccfa25644"},"mac_50_19aa8a.woff2":{"size":15596,"mtime":1757089687.0075772,"md5":"19aa8a9c08b0e1f27f1b0cb7b31d2eff"},"mac_51_206193.woff2":{"size":14764,"mtime":1757089687.013345,"md5":"206193dc9032ca3e8003b03b9ac4d4b6"},"mac_52_314904.woff2":{"size":32884,"mtime":1757089687.017367,"md5":"314904d5147a00c4871913bba312f402"},"mac_53_55dc9c.woff2":{"size":4692,"mtime":1757089687.0212865,"md5":"55dc9c0217f8d2da48f6c5967e5e3c73"},"mac_54_5fcdf8.woff2":{"size":11816,"mtime":1757089687.0252628,"md5":"5fcdf883759f229af2a0ecc6c20b76c7"},"mac_56_6e9c33.woff2":{"size":2272,"mtime":1757089687.0303268,"md5":"6e9c33240f7980ae9fad0d2e06747a6b"},"mac_57_7109ef.woff2":{"size":20928,"mtime":1757089687.0345354,"md5":"7109ef33b0d7a03b877022c52d650138"},"mac_58_719130.woff2":{"size":14928,"mtime":1757089687.0345354,"md5":"7191300a2550b73e5282a8e72c99f02d"},"mac_5_1f7c2c.woff2":{"size":16836,"mtime":1757089687.0449936,"md5":"1f7c2c118f8db0f97f40a3d8bbc08805"},"mac_60_852f80.woff2":{"size":11756,"mtime":1757089687.048091,"md5":"852f80483f64a8c9d0d226ea2f8c553c"},"mac_62_b264d3.woff2":{"size":16876,"mtime":1757089687.0553613,"md5":"b264d3b5d697ac5cb8f2ad4d09fe32d8"},"mac_63_bac5c9.woff2":{"size":14824,"mtime":1757089687.0591621,"md5":"bac5c9173f32f15ba9d7181647f64086"},"mac_64_bb23fe.woff2":{"size":16384,"mtime":1757089687.0591621,"md5":"bb23fe760d2698e59522aad539253d58"},"mac_69_176269.woff2":{"size":21244,"mtime":1757089687.066628,"md5":"176269c77557fd42b0455fa4c82d6de7"},"mac_6_fa5c6e.woff2":{"size":4740,"mtime":1757089687.0751064,"md5":"fa5c6e34af412702607767b368891221"},"mac_71_5ad3a3.woff2":{"size":14968,"mtime":1757089687.079799,"md5":"5ad3a36bb80841bf6662ee436d050ee4"},"mac_72_a1e388.woff2":{"size":32864,"mtime":1757089687.0838468,"md5":"a1e388911b0273eb33613dc096c47656"},"mac_75_c7ca22.woff2":{"size":16880,"mtime":1757089687.0878441,"md5":"c7ca220989b5662de7747219824fa7d3"},"mac_76_cc9aff.woff2":{"size":6752,"mtime":1757089687.0928447,"md5":"cc9aff0ae5891635a0af12c7813b3e93"},"mac_77_e8dd4d.woff2":{"size":15044,"mtime":1757089687.0968492,"md5":"e8dd4d135e105d76aab8784b7ae93168"},"mac_78_eb51fe.woff2":{"size":37636,"mtime":1757089687.0998495,"md5":"eb51fe568987e3e8fb8a8ede8857308f"},"mac_79_f20192.woff2":{"size":16428,"mtime":1757089687.104196,"md5":"f201926a78a1fdec0441bd779375d073"},"mac_7_973909.woff2":{"size":16856,"mtime":1757089687.104196,"md5":"97390966d5f7c26e1cc948f733198a9d"},"mac_80_3d08f4.woff2":{"size":11744,"mtime":1757089687.1126087,"md5":"3d08f494df908c5d5dc9d190b3c62d58"},"mac_font_01_OLXE.woff2":{"size":16856,"mtime":1757089687.117822,"md5":"97390966d5f7c26e1cc948f733198a9d"},"mac_font_01_PPJJ.woff2":{"size":20756,"mtime":1757089687.1208382,"md5":"fe8bdae95bdb6b1bbabfdc511c8f0a89"},"mac_font_01_QCS4.woff2":{"size":16416,"mtime":1757089687.127464,"md5":"1e0f185d67475b131c8c24988d4cb568"},"mac_font_01_VNR0.woff2":{"size":16888,"mtime":1757089687.1314867,"md5":"4926ffe709e7a19ac0000fc969abcecf"},"mac_font_02_0ANY.woff2":{"size":20788,"mtime":1757089687.134503,"md5":"1a7c2d7533a1db601f09ad882724668e"},"mac_font_02_25LL.woff2":{"size":16916,"mtime":1757089687.1385787,"md5":"15fa5aae2690b8411409fc68de766c45"},"mac_font_02_9IC0.woff2":{"size":16916,"mtime":1757089687.1421697,"md5":"6a78b073eb43b76730530c0784c996be"},"mac_font_02_ON2B.woff2":{"size":16412,"mtime":1757089687.143787,"md5":"8a9cb025258c3a637bad6cd80f96f1dc"},"mac_font_03_9880.woff2":{"size":16904,"mtime":1757089687.1505754,"md5":"2370787a2a29578b1f4b5e56a640bd4d"},"mac_font_03_JJGR.woff2":{"size":20764,"mtime":1757089687.1558976,"md5":"40c3254795e1224c3b28ffe939227e44"},"mac_font_03_Q1OP.woff2":{"size":16380,"mtime":1757089687.1599238,"md5":"41a802098573f7e58b3fca1b3e5b9099"},"mac_font_03_QG9B.woff2":{"size":16892,"mtime":1757089687.1629024,"md5":"050abf576b51acbc74dc4dbd6580e6dd"},"mac_font_6QEL.woff2":{"size":40496,"mtime":1757089687.1677723,"md5":"b4042e706f0520eef3b87f4609248d3b"},"mac_font_D1Xh.woff2":{"size":46284,"mtime":1757089687.171448,"md5":"b79498d09b90db71b2c801fe29d30ea7"},"mac_font_ENLc.woff2":{"size":40588,"mtime":1757089687.175829,"md5":"5e6bb39522a1a43b04ed079ffa2cee80"},"mac_font_FQ48.woff2":{"size":46280,"mtime":1757089687.1825304,