{"version":1,"platform":"Win32","files":{"W32_0_e6300f.woff2":{"size":175860,"mtime":1772887653.0557964,"md5":"e6300f44771b1b35c9db50006d3762a4"},"W32_10_f2345c.woff2":{"size":101240,"mtime":1772887653.324569,"md5":"f2345c35cd7b9bd49decdaf607a436b5"},"W32_11_11fcd1.woff2":{"size":56896,"mtime":1772887653.3334515,"md5":"11fcd1dc143dbcab20bede2a2524bf7b"},"W32_12_9c3273.woff2":{"size":71932,"mtime":1772887653.3409548,"md5":"9c327363f26135e2eaee872e75065d38"},"W32_13_8f4db3.woff2":{"size":50440,"mtime":1772887653.3492258,"md5":"8f4db337d4c6110c12da47d88ab3b8cc"},"W32_14_6a587f.woff2":{"size":78184,"mtime":1772887653.358264,"md5":"6a587f936d50aa711f0ee8946dfd3598"},"W32_15_969f7f.woff2":{"size":56396,"mtime":1772887653.3669038,"md5":"969f7faa8e0c8ec74b498f5c0fea28a6"},"W32_16_900bac.woff2":{"size":178820,"mtime":1772887653.3823647,"md5":"900bac86dd273337d2b2d14933b57842"},"W32_17_50e53a.woff2":{"size":174848,"mtime":1772887653.3993948,"md5":"50e53a3450a95dbecb3fc3d543af02a0"},"W32_18_1b6834.woff2":{"size":189916,"mtime":1772887653.4153388,"md5":"1b6834fcb55c191121bb12aabc8ee747"},"W32_19_ed0b22.woff2":{"size":190244,"mtime":1772887653.4336917,"md5":"ed0b226a7084849c13dfbbaaeb93d15a"},"W32_1_625c76.woff2":{"size":31496,"mtime":1772887653.0693388,"md5":"625c7622eaf5e9704d1405016116be7c"},"W32_20_f2d7e0.woff2":{"size":176004,"mtime":1772887653.4526787,"md5":"f2d7e091544ba3f630f37c2779d992ad"},"W32_21_01d9ee.woff2":{"size":31544,"mtime":1772887653.4588976,"md5":"01d9ee08f1e2d896fbedf70320c9781b"},"W32_22_79064e.woff2":{"size":190488,"mtime":1772887653.4836862,"md5":"79064e8702c8c491731ebf4359324a32"},"W32_23_7cfff5.woff2":{"size":109696,"mtime":1772887653.4961834,"md5":"7cfff532bc733664c43edc55d8d09ad1"},"W32_24_8589d1.woff2":{"size":256640,"mtime":1772887653.5252285,"md5":"8589d11b56406161f5bc25482989790e"},"W32_25_1fbc26.woff2":{"size":144948,"mtime":1772887653.5461452,"md5":"1fbc26b873e14615d48aca2cf2f57982"},"W32_26_c0c320.woff2":{"size":144632,"mtime":1772887653.562853,"md5":"c0c320b0c0b9ce5170175def87431b0f"},"W32_27_11b38e.woff2":{"size":63276,"mtime":1772887653.5706606,"md5":"11b38e5051e544cdbec6f27a05ceac8a"},"W32_28_b7d126.woff2":{"size":66468,"mtime":1772887653.57982,"md5":"b7d1263315130f80876ef4d93db4b93d"},"W32_29_fb20f2.woff2":{"size":99872,"mtime":1772887653.5894625,"md5":"fb20f2e39163348c2aded2a0be5d8a23"},"W32_2_2541c4.woff2":{"size":190328,"mtime":1772887653.1290197,"md5":"2541c4c6051b9fbec1c46ddfcecd7255"},"W32_30_6b10b6.woff2":{"size":100260,"mtime":1772887653.5929384,"md5":"6b10b649369007d01dc31b17e7ce004a"},"W32_31_b05d63.woff2":{"size":56848,"mtime":1772887653.6093647,"md5":"b05d63fb623f6ec275a7a2bee8f67a50"},"W32_32_0084a0.woff2":{"size":71980,"mtime":1772887653.6121378,"md5":"0084a0575baf74bc205052cabda9873b"},"W32_33_abdbb7.woff2":{"size":50360,"mtime":1772887653.626252,"md5":"abdbb771a1d5340a4926e1f5f6fbe4fe"},"W32_34_a63f2c.woff2":{"size":78184,"mtime":1772887653.6340392,"md5":"a63f2cafc9e5fdc4e66008b0cfb9ed19"},"W32_35_49df8f.woff2":{"size":56552,"mtime":1772887653.6427152,"md5":"49df8f9339d0c1139c2b7ae28deab163"},"W32_36_15140f.woff2":{"size":178960,"mtime":1772887653.6566691,"md5":"15140f012b82e95f46a54837ccffb859"},"W32_37_fd9163.woff2":{"size":175176,"mtime":1772887653.6760457,"md5":"fd9163aa676045b59d6ccc66a03ffcc6"},"W32_38_ee7037.woff2":{"size":190004,"mtime":1772887653.693215,"md5":"ee7037aa2dacd1669c5fc5ef6663b580"},"W32_39_dde8f0.woff2":{"size":189988,"mtime":1772887653.7117534,"md5":"dde8f0031f11bf2875411be19752e92c"},"W32_3_f828d0.woff2":{"size":109504,"mtime":1772887653.2161684,"md5":"f828d0118783a64102a39abbe82b204b"},"W32_4_bb281f.woff2":{"size":255980,"mtime":1772887653.2454133,"md5":"bb281fdb4804af20c75ca3b58dc034ee"},"W32_5_ce8239.woff2":{"size":144716,"mtime":1772887653.2624328,"md5":"ce823910db1131542d72efbc22bd8f6b"},"W32_6_dd5f4d.woff2":{"size":144840,"mtime":1772887653.28055,"md5":"dd5f4d998d7d2dd4400b544864321f5e"},"W32_7_25753f.woff2":{"size":63604,"mtime":1772887653.2922926,"md5":"25753f3ae0b2e8967043793cd5a0538a"},"W32_8_9a9415.woff2":{"size":66388,"mtime":1772887653.304176,"md5":"9a94158ccb903f6b5497f69aaa07f871"},"W32_9_9ecabb.woff2":{"size":99764,"mtime":1772887653.3123374,"md5":"9ecabb93313afd4bcc288a0574e7bc02"}}}