{"version":1,"platform":"Win32","files":{"W32_0_a936e5.woff2":{"size":176184,"mtime":1772710097.0542257,"md5":"a936e545cdde4cb59bf730d76f63ca43"},"W32_10_6a587f.woff2":{"size":78184,"mtime":1772710097.2298732,"md5":"6a587f936d50aa711f0ee8946dfd3598"},"W32_11_ccd962.woff2":{"size":78260,"mtime":1772710097.2450511,"md5":"ccd962f88e6808a82f25c92c19e4bc1a"},"W32_12_86c126.woff2":{"size":56740,"mtime":1772710097.2936344,"md5":"86c126fd23839ab67c685bc206dccb25"},"W32_13_969f7f.woff2":{"size":56396,"mtime":1772710097.31223,"md5":"969f7faa8e0c8ec74b498f5c0fea28a6"},"W32_14_5427c6.woff2":{"size":179092,"mtime":1772710097.342631,"md5":"5427c673de09a1bd59d3845451e9813f"},"W32_15_900bac.woff2":{"size":178820,"mtime":1772710097.372581,"md5":"900bac86dd273337d2b2d14933b57842"},"W32_16_48672b.woff2":{"size":175232,"mtime":1772710097.4081762,"md5":"48672bb62ede0c1e8c0cab160e5a1a8e"},"W32_17_50e53a.woff2":{"size":174848,"mtime":1772710097.4580586,"md5":"50e53a3450a95dbecb3fc3d543af02a0"},"W32_18_1b6834.woff2":{"size":189916,"mtime":1772710097.4890304,"md5":"1b6834fcb55c191121bb12aabc8ee747"},"W32_19_2d5cf0.woff2":{"size":190132,"mtime":1772710097.5249817,"md5":"2d5cf02aca70b87a8498fecd5f3a3679"},"W32_1_e6300f.woff2":{"size":175860,"mtime":1772710097.077469,"md5":"e6300f44771b1b35c9db50006d3762a4"},"W32_20_c3d7ad.woff2":{"size":190412,"mtime":1772710097.5547838,"md5":"c3d7ad61ac060b5629a2648bf3c64903"},"W32_21_ed0b22.woff2":{"size":190244,"mtime":1772710097.575062,"md5":"ed0b226a7084849c13dfbbaaeb93d15a"},"W32_22_625c76.woff2":{"size":31496,"mtime":1772710097.5855362,"md5":"625c7622eaf5e9704d1405016116be7c"},"W32_23_fba078.woff2":{"size":31620,"mtime":1772710097.6034184,"md5":"fba078f959b69872cce9a3f15f6bd057"},"W32_24_f2d7e0.woff2":{"size":176004,"mtime":1772710097.6237378,"md5":"f2d7e091544ba3f630f37c2779d992ad"},"W32_25_01d9ee.woff2":{"size":31544,"mtime":1772710097.6399167,"md5":"01d9ee08f1e2d896fbedf70320c9781b"},"W32_26_79064e.woff2":{"size":190488,"mtime":1772710097.6761134,"md5":"79064e8702c8c491731ebf4359324a32"},"W32_27_7cfff5.woff2":{"size":109696,"mtime":1772710097.6932108,"md5":"7cfff532bc733664c43edc55d8d09ad1"},"W32_28_8589d1.woff2":{"size":256640,"mtime":1772710097.7738836,"md5":"8589d11b56406161f5bc25482989790e"},"W32_29_1fbc26.woff2":{"size":144948,"mtime":1772710097.8037426,"md5":"1fbc26b873e14615d48aca2cf2f57982"},"W32_2_9938f3.woff2":{"size":104500,"mtime":1772710097.105518,"md5":"9938f31daf0dc6a1c9e1918f2f3dc8a6"},"W32_30_c0c320.woff2":{"size":144632,"mtime":1772710097.8310108,"md5":"c0c320b0c0b9ce5170175def87431b0f"},"W32_31_11b38e.woff2":{"size":63276,"mtime":1772710097.8462417,"md5":"11b38e5051e544cdbec6f27a05ceac8a"},"W32_32_b7d126.woff2":{"size":66468,"mtime":1772710097.8585632,"md5":"b7d1263315130f80876ef4d93db4b93d"},"W32_33_fb20f2.woff2":{"size":99872,"mtime":1772710097.872574,"md5":"fb20f2e39163348c2aded2a0be5d8a23"},"W32_34_087cd8.woff2":{"size":190764,"mtime":1772710097.9050226,"md5":"087cd883f2442f6a901d1058eb3527f5"},"W32_35_2541c4.woff2":{"size":190328,"mtime":1772710097.9356208,"md5":"2541c4c6051b9fbec1c46ddfcecd7255"},"W32_36_6b10b6.woff2":{"size":100260,"mtime":1772710097.95283,"md5":"6b10b649369007d01dc31b17e7ce004a"},"W32_37_b05d63.woff2":{"size":56848,"mtime":1772710097.9597006,"md5":"b05d63fb623f6ec275a7a2bee8f67a50"},"W32_38_0084a0.woff2":{"size":71980,"mtime":1772710097.9701686,"md5":"0084a0575baf74bc205052cabda9873b"},"W32_39_abdbb7.woff2":{"size":50360,"mtime":1772710097.987418,"md5":"abdbb771a1d5340a4926e1f5f6fbe4fe"},"W32_3_f2345c.woff2":{"size":101240,"mtime":1772710097.1229615,"md5":"f2345c35cd7b9bd49decdaf607a436b5"},"W32_40_a63f2c.woff2":{"size":78184,"mtime":1772710097.9968386,"md5":"a63f2cafc9e5fdc4e66008b0cfb9ed19"},"W32_41_49df8f.woff2":{"size":56552,"mtime":1772710098.0092885,"md5":"49df8f9339d0c1139c2b7ae28deab163"},"W32_42_15140f.woff2":{"size":178960,"mtime":1772710098.0320241,"md5":"15140f012b82e95f46a54837ccffb859"},"W32_43_fd9163.woff2":{"size":175176,"mtime":1772710098.0619824,"md5":"fd9163aa676045b59d6ccc66a03ffcc6"},"W32_44_ee7037.woff2":{"size":190004,"mtime":1772710098.0855937,"md5":"ee7037aa2dacd1669c5fc5ef6663b580"},"W32_45_dde8f0.woff2":{"size":189988,"mtime":1772710098.1092052,"md5":"dde8f0031f11bf2875411be19752e92c"},"W32_46_913730.woff2":{"size":109668,"mtime":1772710098.1269932,"md5":"9137303d192cf307e5d49824c3ae646f"},"W32_47_f828d0.woff2":{"size":109504,"mtime":1772710098.1452599,"md5":"f828d0118783a64102a39abbe82b204b"},"W32_48_718e9f.woff2":{"size":175776,"mtime":1772710098.1645575,"md5":"718e9f5fe335b2855f81956e363817c1"},"W32_49_40a1e0.woff2":{"size":31480,"mtime":1772710098.1767974,"md5":"40a1e0c03f5512d2071606a91d68b65f"},"W32_4_11fcd1.woff2":{"size":56896,"mtime":1772710097.1356256,"md5":"11fcd1dc143dbcab20bede2a2524bf7b"},"W32_50_460164.woff2":{"size":190340,"mtime":1772710098.2039142,"md5":"4601646ba2088e2866822bfbfc7703bf"},"W32_51_f74c94.woff2":{"size":109848,"mtime":1772710098.220109,"md5":"f74c9472e83e67edf37e4719a46c8b4d"},"W32_52_ab60af.woff2":{"size":256604,"mtime":1772710098.2638986,"md5":"ab60af4ea1fe9224209655788790b9a4"},"W32_53_2b60f4.woff2":{"size":144892,"mtime":1772710098.289638,"md5":"2b60f48f026db48897d4f7a5d3314ed7"},"W32_54_282ef8.woff2":{"size":144720,"mtime":1772710098.3176556,"md5":"282ef865a60031991ddc7e8b397a6934"},"W32_55_aeed14.woff2":{"size":63320,"mtime":1772710098.3328319,"md5":"aeed14b5913635b1b4ea8c0ee0cf9674"},"W32_56_ef7888.woff2":{"size":66624,"mtime":1772710098.3481202,"md5":"ef788835580c207467a0c37078fafb6d"},"W32_57_53aa28.woff2":{"size":99924,"mtime":1772710098.3605142,"md5":"53aa287f50dd169284a7a0579b0380ba"},"W32_58_979cb5.woff2":{"size":258864,"mtime":1772710098.4032612,"md5":"979cb5b7e886cffcaefab09e0d729ec9"},"W32_59_bb281f.woff2":{"size":255980,"mtime":1772710098.436732,"md5":"bb281fdb4804af20c75ca3b58dc034ee"},"W32_5_acd9f1.woff2":{"size":56888,"mtime":1772710097.1518192,"md5":"acd9f190cfe4d18b3b9c5ef5e1cd58fd"},"W32_60_2e8084.woff2":{"size":100436,"mtime":1772710098.4544933,"md5":"2e80844a394672672437eb9f1433f715"},"W32_61_27d761.woff2":{"size":56948,"mtime":1772710098.4629796,"md5":"27d761fbc0f9a60b9897dfaae8063f26"},"W32_62_dfc5fa.woff2":{"size":71972,"mtime":1772710098.4792078,"md5":"dfc5fa5a1e4bd9dd2a7070ba1b97c8bf"},"W32_63_85eb50.woff2":{"size":50428,"mtime":1772710098.4906979,"md5":"85eb509afaca085d75ee18991a58e3bf"},"W32_64_59cf5a.woff2":{"size":56588,"mtime":1772710098.5010767,"md5":"59cf5a7b3742dbdc235e381461c4d26c"},"W32_65_65d160.woff2":{"size":174880,"mtime":1772710098.5288172,"md5":"65d16015a9d0693d926deda98bedfe1c"},"W32_66_5f88fa.woff2":{"size":189852,"mtime":1772710098.5533786,"md5":"5f88fa828738c358dd132ab1d49d92b2"},"W32_67_53db4a.woff2":{"size":190404,"mtime":1772710098.5766184,"md5":"53db4ad1f149056d35dae9ce885dcd95"},"W32_68_b710ac.woff2":{"size":146656,"mtime":1772710098.5991268,"md5":"b710ace768d390055e3c08ea5023aa4c"},"W32_69_ce8239.woff2":{"size":144716,"mtime":1772710098.622532,"md5":"ce823910db1131542d72efbc22bd8f6b"},"W32_6_8e7dba.woff2":{"size":72140,"mtime":1772710097.174001,"md5":"8e7dba22a6921d7fc3e969d8879caaaa"},"W32_70_6450b5.woff2":{"size":146704,"mtime":1772710098.6499302,"md5":"6450b587ac51718a98626361723e399f"},"W32_71_dd5f4d.woff2":{"size":144840,"mtime":1772710098.674505,"md5":"dd5f4d998d7d2dd4400b544864321f5e"},"W32_72_25753f.woff2":{"size":63604,"mtime":1772710098.687631,"md5":"25753f3ae0b2e8967043793cd5a0538a"},"W32_73_591d98.woff2":{"size":66928,"mtime":1772710098.703334,"md5":"591d988f38df952b07deabe200e63c4a"},"W32_74_6201cc.woff2":{"size":70032,"mtime":1772710098.72011,"md5":"6201cc1899e640b886373bc1444e3d18"},"W32_75_9a9415.woff2":{"size":66388,"mtime":1772710098.7332191,"md5":"9a94158ccb903f6b5497f69aaa07f871"},"W32_76_9a80ef.woff2":{"size":103288,"mtime":1772710098.7501018,"md5":"9a80ef49a0f3925655c1ee4dbf44d325"},"W32_77_9ecabb.woff2":{"size":99764,"mtime":1772710098.7644782,"md5":"9ecabb93313afd4bcc288a0574e7bc02"},"W32_7_9c3273.woff2":{"size":71932,"mtime":1772710097.1891592,